{"Points":[{"X":2840,"Y":2406},{"X":2741,"Y":2406},{"X":2652,"Y":2405},{"X":2553,"Y":2398},{"X":2540,"Y":2397},{"X":2441,"Y":2395},{"X":2378,"Y":2407},{"X":2279,"Y":2401},{"X":2183,"Y":2377},{"X":2094,"Y":2333},{"X":2010,"Y":2320},{"X":1913,"Y":2341},{"X":1858,"Y":2398},{"X":1759,"Y":2398},{"X":1661,"Y":2415},{"X":1635,"Y":2403},{"X":1543,"Y":2439},{"X":1445,"Y":2424},{"X":1346,"Y":2414},{"X":1302,"Y":2503},{"X":1203,"Y":2512},{"X":1104,"Y":2505},{"X":1030,"Y":2450},{"X":934,"Y":2426},{"X":837,"Y":2405},{"X":739,"Y":2392},{"X":657,"Y":2384},{"X":558,"Y":2384},{"X":459,"Y":2385},{"X":382,"Y":2386},{"X":298,"Y":2439},{"X":225,"Y":2450},{"X":166,"Y":2530},{"X":121,"Y":2538},{"X":22,"Y":2539},{"X":-23,"Y":2451},{"X":-55,"Y":2357},{"X":-68,"Y":2259},{"X":-76,"Y":2160},{"X":-84,"Y":2061},{"X":-85,"Y":1962},{"X":-87,"Y":1863},{"X":-89,"Y":1764},{"X":-91,"Y":1665},{"X":-91,"Y":1566},{"X":-90,"Y":1467},{"X":-89,"Y":1368},{"X":-88,"Y":1269},{"X":-87,"Y":1170},{"X":-86,"Y":1071},{"X":-83,"Y":972},{"X":-80,"Y":873},{"X":-77,"Y":774},{"X":-73,"Y":675},{"X":-69,"Y":576},{"X":-65,"Y":477},{"X":-61,"Y":378},{"X":-56,"Y":279},{"X":-39,"Y":181},{"X":-22,"Y":83},{"X":0,"Y":0}]}